"","s_total","s_vin_simple","q_blanc","q_rouge","q_total","number","departement.x","annee","departement.y"
"1",826,264,3728,11071,46464,"01","AIN",2009,"AIN"
"2",2365,3,10663,156,190429,"02","AISNE",2009,"AISNE"
"3",583,166,300,3801,19029,"03","ALLIER",2009,"ALLIER"
"4",736,454,223,4724,40309,"04","ALPES-HTE-PR",2009,"ALPES-DE-HAUTE-PROVENCE"
"5",132,132,80,765,4678,"05","ALPES-HAUTES",2009,"HAUTE-MARNE"
"6",99,56,20,499,2184,"06","ALPES-Mmes",2009,"ALPES-MARITIMES"
"7",11159,8262,1184,21055,510949,"07","ARDECHE",2009,"ARDECHE"
"8",1,1,15,14,29,"08","ARDENNES",2009,"ARDENNES"
"9",19,19,1,507,508,"09","ARIEGE",2009,"ARIEGE"
"10",6923,33,51340,1113,565951,"10","AUBE",2009,"AUBE"
"11",68990,48042,14289,163952,3621700,"11","AUDE",2009,"AUDE"
"12",659,367,249,7131,20548,"12","AVEYRON",2009,"AVEYRON"
"13",10169,3581,1242,11433,494711,"13","BOUCHES-DU-R",2009,"BOUCHES-DU-RHONE"
"14",3,3,7,0,152,"14","CALVADOS",2009,"CALVADOS"
"15",11,9,6,83,349,"15","CANTAL",2009,"CANTAL"
"16",39077,2421,299431,80868,4071127,"16","CHARENTE",2009,"CHARENTE"
"17",39060,5406,985816,117529,4585471,"17","CHARENTE-MAR",2009,"CHARENTE-MARITIME"
"18",3853,153,156,2019,166589,"18","CHER",2009,"CHER"
"19",246,246,15,3783,6136,"19","CORREZE",2009,"CORREZE"
"20",861,130,231,2077,30362,"2A","CORSESUD",2009,"CORSE-DU-SUD"
"21",5305,2996,4993,3938,291865,"2B","CORSE(HTE)",2009,"HAUT-RHIN"
"22",9478,119,3495,5141,488172,"21","COTED'OR",2009,"COTE-D'OR"
"23",0,0,0,0,0,"22","COTES-D'ARMOR",2009,"COTES-D'ARMOR"
"24",0,0,0,0,0,"23","CREUSE",2009,"CREUSE"
"25",13060,1119,5135,30048,605926,"24","DORDOGNE",2009,"DORDOGNE"
"26",32,32,292,373,948,"25","DOUBS",2009,"DOUBS"
"27",17822,2650,1724,20445,742325,"26","DROME",2009,"DROME"
"28",0,0,0,0,0,"27","EURE",2009,"EURE"
"29",1,1,3,12,15,"28","EURE-ET-LOIR",2009,"EURE-ET-LOIR"
"30",0,0,0,0,0,"29","FINISTERE",2009,"FINISTERE"
"31",58110,36939,28280,230082,3186183,"30","GARD",2009,"GARD"
"32",1829,820,275,13217,94327,"31","GARONNE(HTE)",2009,"HAUTE-CORSE"
"33",18454,14781,237709,34281,1735698,"32","GERS",2009,"GERS"
"34",119477,1441,19531,263118,6069096,"33","GIRONDE",2009,"GIRONDE"
"35",82402,66732,30474,410878,4573307,"34","HERAULT",2009,"HERAULT"
"36",0,0,0,0,0,"35","ILLE-ET-VIL",2009,"ILLE-ET-VILAINE"
"37",651,400,1205,6592,30197,"36","INDRE",2009,"INDRE"
"38",10006,866,18143,27903,551866,"37","INDRE-ET-L",2009,"INDRE-ET-LOIRE"
"39",507,349,2399,7572,23919,"38","ISERE",2009,"ISERE"
"40",2115,182,3325,3101,82760,"39","JURA",2009,"JURA"
"41",1807,1006,19882,3127,135118,"40","LANDES",2009,"LANDES"
"42",6986,2061,12360,29253,407828,"41","LOIR-ET-CHER",2009,"LOIRET"
"43",985,360,1080,4706,35568,"42","LOIRE",2009,"LOIR-ET-CHER"
"44",50,50,23,984,1007,"43","LOIRE(HAUTE)",2009,"HAUTE-GARONNE"
"45",14442,2818,43948,33949,901398,"44","LOIREATLAN",2009,"LOIRE"
"46",261,86,338,1067,9316,"45","LOIRET",2009,"LOIRE-ATLANTIQUE"
"47",5527,1665,208,31403,270283,"46","LOT",2009,"LOT"
"48",6722,1617,17832,45311,405868,"47","LOT-ET-GAR",2009,"LOT-ET-GARONNE"
"49",13,13,2,64,244,"48","LOZERE",2009,"LOZERE"
"50",19652,1944,13465,31653,1131405,"49","MAINE-ET-L",2009,"MAINE-ET-LOIRE"
"51",0,0,0,0,0,"50","MANCHE",2009,"MANCHE"
"52",23778,3,182643,89,2074855,"51","MARNE",2009,"MARNE"
"53",106,73,504,1026,4037,"52","MARNE(HAUTE)",2009,"HAUTE-LOIRE"
"54",2,2,16,20,57,"53","MAYENNE",2009,"MAYENNE"
"55",113,50,277,1438,4421,"54","MEURTHE-&-M",2009,"MEURTHE-ET-MOSELLE"
"56",39,39,170,112,1748,"55","MEUSE",2009,"MEUSE"
"57",0,0,0,0,0,"56","MORBIHAN",2009,"MORBIHAN"
"58",21,14,140,375,722,"57","MOSELLE",2009,"MOSELLE"
"59",1510,188,452,1383,65609,"58","NIEVRE",2009,"NIEVRE"
"60",1,1,6,0,6,"59","NORD",2009,"NORD"
"61",0,0,0,0,0,"60","OISE",2009,"OISE"
"62",0,0,0,0,0,"61","ORNE",2009,"ORNE"
"63",0,0,0,0,0,"62","PAS-DE-CAL",2009,"PAS-DE-CALAIS"
"64",598,341,385,8127,23029,"63","PUY-DE-DOME",2009,"PUY-DE-DOME"
"65",2470,197,667,3864,91885,"64","PYRENEES-AT",2009,"PYRENEES-ATLANTIQUES"
"66",426,206,270,3649,16402,"65","PYRENEES(HTE)",2009,"HAUTE-VIENNE"
"67",26627,6853,4401,24424,754416,"66","PYRENEES-OR",2009,"PYRENEES-ORIENTALES"
"68",6888,78,20541,948,545950,"67","RHIN(BAS)",2009,"BAS-RHIN"
"69",9043,30,25430,1243,693877,"68","RHIN(HAUT)",2009,"HAUTES-PYRENEES"
"70",18461,274,2671,19512,857172,"69","RHONE",2009,"RHONE"
"71",121,121,347,980,5158,"70","SAONE(HAUTE)",2009,"HAUTE-SAONE"
"72",12998,127,17497,6285,779592,"71","SAONE-ET-L",2009,"SAONE-ET-LOIRE"
"73",250,104,991,2648,9843,"72","SARTHE",2009,"SARTHE"
"74",1988,231,4846,6261,120571,"73","SAVOIE",2009,"SAVOIE"
"75",257,116,4895,2029,14637,"74","SAVOIE(HTE)",2009,"HAUTE-SAVOIE"
"76",0,0,0,0,0,"75","PARIS",2009,"PARIS"
"77",0,0,0,0,0,"76","SEINE-MAR",2009,"SEINE-MARITIME"
"78",21,0,62,0,1513,"77","SEINEETMARNE",2009,"SEINE-ET-MARNE"
"79",0,0,0,0,0,"78","YVELINES",2009,"YVELINES"
"80",1009,345,1290,11380,56011,"79","SEVRES(DEUX)",2009,"DEUX-SEVRES"
"81",0,0,0,0,0,"80","SOMME",2009,"SOMME"
"82",7162,3565,8971,36623,391496,"81","TARN",2009,"TARN"
"83",1848,1012,538,20911,96475,"82","TARN-ET-G",2009,"TARN-ET-GARONNE"
"84",29413,7051,4511,28953,1371811,"83","VAR",2009,"VAUCLUSE"
"85",49913,11078,29897,80391,2010361,"84","VAUCLUSE",2009,"VENDEE"
"86",1618,1078,4245,28971,80000,"85","VENDEE",2009,"VAR"
"87",1816,1107,5829,14949,91854,"86","VIENNE",2009,"VIENNE"
"88",6,6,0,36,174,"87","VIENNE(HTE)",2009,"HAUTES-ALPES"
"89",42,42,17,1173,1190,"88","VOSGES",2009,"VOSGES"
"90",6792,93,27345,3110,425227,"89","YONNE",2009,"YONNE"
"91",1,1,5,0,5,"90","T.deBELFORT",2009,"TERRITOIRE DE BELFORT"
"92",0,0,0,0,0,"91","ESSONNE",2009,"ESSONNE"
"93",0,0,0,0,0,"92","HAUTS-DE-S",2009,"HAUTS-DE-SEINE"
"94",0,0,0,0,0,"93","SEINE-ST-D",2009,"SEINE-SAINT-DENIS"
"95",0,0,0,0,0,"94","VAL-DE-MARNE",2009,"VAL-D'OISE"
"96",0,0,0,0,0,"95","VAL-D'OISE",2009,"VAL-DE-MARNE"
"97",872,299,3971,10781,56212,"01","AIN",2010,"AIN"
"98",2407,7,17769,19,186623,"02","AISNE",2010,"AISNE"
"99",862,321,465,3907,20211,"03","ALLIER",2010,"ALLIER"
"100",697,432,395,4985,40042,"04","ALPES-HTE-PR",2010,"ALPES-DE-HAUTE-PROVENCE"
"101",215,215,69,655,5043,"05","ALPES-HAUTES",2010,"HAUTE-MARNE"
"102",118,68,46,403,2690,"06","ALPES-Mmes",2010,"ALPES-MARITIMES"
"103",11088,8178,1113,14658,521605,"07","ARDECHE",2010,"ARDECHE"
"104",1,1,16,12,28,"08","ARDENNES",2010,"ARDENNES"
"105",70,70,14,428,1986,"09","ARIEGE",2010,"ARIEGE"
"106",7038,41,26184,988,500263,"10","AUBE",2010,"AUBE"
"107",67078,46552,12433,148671,3602658,"11","AUDE",2010,"AUDE"
"108",739,386,260,6495,17829,"12","AVEYRON",2010,"AVEYRON"
"109",10290,3650,1199,15684,530727,"13","BOUCHES-DU-R",2010,"BOUCHES-DU-RHONE"
"110",3,3,115,15,130,"14","CALVADOS",2010,"CALVADOS"
"111",11,9,3,67,326,"15","CANTAL",2010,"CANTAL"
"112",39537,2360,209493,94687,4320526,"16","CHARENTE",2010,"CHARENTE"
"113",39075,4385,539863,99515,4398606,"17","CHARENTE-MAR",2010,"CHARENTE-MARITIME"
"114",3918,153,457,2512,225731,"18","CHER",2010,"CHER"
"115",239,239,14,2982,5049,"19","CORREZE",2010,"CORREZE"
"116",854,148,236,3123,34883,"2A","CORSESUD",2010,"CORSE-DU-SUD"
"117",4968,2934,13924,7135,341392,"2B","CORSE(HTE)",2010,"HAUT-RHIN"
"118",9452,108,1148,1754,378994,"21","COTED'OR",2010,"COTE-D'OR"
"119",0,0,0,0,0,"22","COTES-D'ARMOR",2010,"COTES-D'ARMOR"
"120",0,0,0,0,0,"23","CREUSE",2010,"CREUSE"
"121",12660,1011,8907,21795,591736,"24","DORDOGNE",2010,"DORDOGNE"
"122",49,49,412,287,1091,"25","DOUBS",2010,"DOUBS"
"123",17037,2592,2018,10791,691774,"26","DROME",2010,"DROME"
"124",0,0,0,0,0,"27","EURE",2010,"EURE"
"125",1,1,9,3,12,"28","EURE-ET-LOIR",2010,"EURE-ET-LOIR"
"126",0,0,0,0,0,"29","FINISTERE",2010,"FINISTERE"
"127",54774,34754,33820,179372,3073388,"30","GARD",2010,"GARD"
"128",1769,735,354,7700,80657,"31","GARONNE(HTE)",2010,"HAUTE-CORSE"
"129",18651,15182,191189,84600,1580386,"32","GERS",2010,"GERS"
"130",117182,1806,36543,254743,5987696,"33","GIRONDE",2010,"GIRONDE"
"131",80518,65626,33482,284116,4575462,"34","HERAULT",2010,"HERAULT"
"132",0,0,0,0,0,"35","ILLE-ET-VIL",2010,"ILLE-ET-VILAINE"
"133",640,376,3109,7102,33166,"36","INDRE",2010,"INDRE"
"134",10253,828,13626,22899,513591,"37","INDRE-ET-L",2010,"INDRE-ET-LOIRE"
"135",616,441,2481,6510,21894,"38","ISERE",2010,"ISERE"
"136",2414,291,3478,2862,89683,"39","JURA",2010,"JURA"
"137",2164,1021,14212,9916,136028,"40","LANDES",2010,"LANDES"
"138",6854,2014,28048,35218,417630,"41","LOIR-ET-CHER",2010,"LOIRET"
"139",1041,413,1417,3799,35661,"42","LOIRE",2010,"LOIR-ET-CHER"
"140",46,46,26,820,846,"43","LOIRE(HAUTE)",2010,"HAUTE-GARONNE"
"141",14374,3390,124713,61074,889511,"44","LOIREATLAN",2010,"LOIRE"
"142",223,86,427,1396,8401,"45","LOIRET",2010,"LOIRE-ATLANTIQUE"
"143",5211,1359,181,15883,161372,"46","LOT",2010,"LOT"
"144",6433,1516,11762,31123,375377,"47","LOT-ET-GAR",2010,"LOT-ET-GARONNE"
"145",8,8,0,57,176,"48","LOZERE",2010,"LOZERE"
"146",19463,2112,28237,41146,1105618,"49","MAINE-ET-L",2010,"MAINE-ET-LOIRE"
"147",0,0,0,0,0,"50","MANCHE",2010,"MANCHE"
"148",23902,3,117762,86,1789857,"51","MARNE",2010,"MARNE"
"149",136,102,419,814,5723,"52","MARNE(HAUTE)",2010,"HAUTE-LOIRE"
"150",1,1,21,21,77,"53","MAYENNE",2010,"MAYENNE"
"151",122,55,547,1139,4669,"54","MEURTHE-&-M",2010,"MEURTHE-ET-MOSELLE"
"152",38,38,186,104,1659,"55","MEUSE",2010,"MEUSE"
"153",0,0,0,0,0,"56","MORBIHAN",2010,"MORBIHAN"
"154",165,91,517,294,2203,"57","MOSELLE",2010,"MOSELLE"
"155",1524,133,511,1289,79958,"58","NIEVRE",2010,"NIEVRE"
"156",1,1,8,1,9,"59","NORD",2010,"NORD"
"157",1,1,3,1,4,"60","OISE",2010,"OISE"
"158",0,0,0,0,0,"61","ORNE",2010,"ORNE"
"159",0,0,0,0,0,"62","PAS-DE-CAL",2010,"PAS-DE-CALAIS"
"160",580,312,205,7287,20257,"63","PUY-DE-DOME",2010,"PUY-DE-DOME"
"161",2579,223,4385,5892,111499,"64","PYRENEES-AT",2010,"PYRENEES-ATLANTIQUES"
"162",403,187,348,5015,17105,"65","PYRENEES(HTE)",2010,"HAUTE-VIENNE"
"163",25431,6270,4278,21654,714690,"66","PYRENEES-OR",2010,"PYRENEES-ORIENTALES"
"164",6643,86,8092,555,432417,"67","RHIN(BAS)",2010,"BAS-RHIN"
"165",8954,49,3231,281,471216,"68","RHIN(HAUT)",2010,"HAUTES-PYRENEES"
"166",18113,270,3499,20734,849959,"69","RHONE",2010,"RHONE"
"167",140,140,523,1192,4331,"70","SAONE(HAUTE)",2010,"HAUTE-SAONE"
"168",12927,143,8022,4353,692812,"71","SAONE-ET-L",2010,"SAONE-ET-LOIRE"
"169",263,108,915,2138,8608,"72","SARTHE",2010,"SARTHE"
"170",2046,247,4808,5681,121342,"73","SAVOIE",2010,"SAVOIE"
"171",277,135,5514,2249,14420,"74","SAVOIE(HTE)",2010,"HAUTE-SAVOIE"
"172",0,0,0,0,0,"75","PARIS",2010,"PARIS"
"173",0,0,0,0,0,"76","SEINE-MAR",2010,"SEINE-MARITIME"
"174",21,1,283,0,1965,"77","SEINEETMARNE",2010,"SEINE-ET-MARNE"
"175",0,0,0,0,0,"78","YVELINES",2010,"YVELINES"
"176",1006,355,1026,8546,52923,"79","SEVRES(DEUX)",2010,"DEUX-SEVRES"
"177",0,0,0,0,0,"80","SOMME",2010,"SOMME"
"178",6864,3526,12842,62500,433943,"81","TARN",2010,"TARN"
"179",1843,1008,765,17438,85178,"82","TARN-ET-G",2010,"TARN-ET-GARONNE"
"180",29114,6876,5650,33928,1425119,"83","VAR",2010,"VAUCLUSE"
"181",47977,9976,31988,69719,1921161,"84","VAUCLUSE",2010,"VENDEE"
"182",1584,1076,4873,29369,77331,"85","VENDEE",2010,"VAR"
"183",1856,1143,7430,14117,85301,"86","VIENNE",2010,"VIENNE"
"184",5,5,0,90,90,"87","VIENNE(HTE)",2010,"HAUTES-ALPES"
"185",56,56,30,808,838,"88","VOSGES",2010,"VOSGES"
"186",6907,102,5906,2240,384085,"89","YONNE",2010,"YONNE"
"187",1,1,6,0,6,"90","T.deBELFORT",2010,"TERRITOIRE DE BELFORT"
"188",0,0,0,0,0,"91","ESSONNE",2010,"ESSONNE"
"189",0,0,0,0,0,"92","HAUTS-DE-S",2010,"HAUTS-DE-SEINE"
"190",0,0,0,0,0,"93","SEINE-ST-D",2010,"SEINE-SAINT-DENIS"
"191",0,0,0,0,0,"94","VAL-DE-MARNE",2010,"VAL-D'OISE"
"192",0,0,0,0,0,"95","VAL-D'OISE",2010,"VAL-DE-MARNE"
"193",822,267,4679,12794,53338,"01","AIN",2011,"AIN"
"194",2334,7,13548,26,215154,"02","AISNE",2011,"AISNE"
"195",682,123,914,2800,26069,"03","ALLIER",2011,"ALLIER"
"196",678,431,361,4195,33907,"04","ALPES-HTE-PR",2011,"ALPES-DE-HAUTE-PROVENCE"
"197",123,123,77,445,3644,"05","ALPES-HAUTES",2011,"HAUTE-MARNE"
"198",102,46,117,395,2904,"06","ALPES-Mmes",2011,"ALPES-MARITIMES"
"199",10663,7948,6648,32766,598254,"07","ARDECHE",2011,"ARDECHE"
"200",1,1,18,13,31,"08","ARDENNES",2011,"ARDENNES"
"201",66,66,53,490,1864,"09","ARIEGE",2011,"ARIEGE"
"202",6690,31,18109,1001,566234,"10","AUBE",2011,"AUBE"
"203",64778,45697,56934,366537,4335925,"11","AUDE",2011,"AUDE"
"204",611,313,206,5463,16321,"12","AVEYRON",2011,"AVEYRON"
"205",9802,3397,4459,16716,596915,"13","BOUCHES-DU-R",2011,"BOUCHES-DU-RHONE"
"206",3,3,0,0,146,"14","CALVADOS",2011,"CALVADOS"
"207",10,8,5,57,276,"15","CANTAL",2011,"CANTAL"
"208",39382,1891,124796,83259,4570697,"16","CHARENTE",2011,"CHARENTE"
"209",39502,3378,290034,100711,4718607,"17","CHARENTE-MAR",2011,"CHARENTE-MARITIME"
"210",4498,596,481,2427,230723,"18","CHER",2011,"CHER"
"211",205,205,24,2925,4557,"19","CORREZE",2011,"CORREZE"
"212",858,135,228,3332,34413,"2A","CORSESUD",2011,"CORSE-DU-SUD"
"213",4888,2860,11984,10390,310959,"2B","CORSE(HTE)",2011,"HAUT-RHIN"
"214",9475,103,2261,1912,434565,"21","COTED'OR",2011,"COTE-D'OR"
"215",0,0,0,0,0,"22","COTES-D'ARMOR",2011,"COTES-D'ARMOR"
"216",0,0,0,0,0,"23","CREUSE",2011,"CREUSE"
"217",12349,1163,5063,29648,583357,"24","DORDOGNE",2011,"DORDOGNE"
"218",39,39,388,470,1340,"25","DOUBS",2011,"DOUBS"
"219",16428,2350,1882,20493,795536,"26","DROME",2011,"DROME"
"220",0,0,0,0,0,"27","EURE",2011,"EURE"
"221",1,1,6,5,11,"28","EURE-ET-LOIR",2011,"EURE-ET-LOIR"
"222",0,0,0,0,0,"29","FINISTERE",2011,"FINISTERE"
"223",52617,33487,29650,400228,3492766,"30","GARD",2011,"GARD"
"224",1690,780,466,17890,102538,"31","GARONNE(HTE)",2011,"HAUTE-CORSE"
"225",17836,14321,479757,90153,1879415,"32","GERS",2011,"GERS"
"226",115225,4515,33127,654708,6187886,"33","GIRONDE",2011,"GIRONDE"
"227",80710,65904,119398,758966,5879070,"34","HERAULT",2011,"HERAULT"
"228",0,0,0,0,0,"35","ILLE-ET-VIL",2011,"ILLE-ET-VILAINE"
"229",631,360,2487,7104,32601,"36","INDRE",2011,"INDRE"
"230",9836,778,14640,29532,538116,"37","INDRE-ET-L",2011,"INDRE-ET-LOIRE"
"231",590,390,2714,7104,22856,"38","ISERE",2011,"ISERE"
"232",2189,221,4971,3442,117499,"39","JURA",2011,"JURA"
"233",2035,900,27753,9113,177002,"40","LANDES",2011,"LANDES"
"234",6792,2021,27924,32019,393092,"41","LOIR-ET-CHER",2011,"LOIRET"
"235",945,362,2134,7224,38923,"42","LOIRE",2011,"LOIR-ET-CHER"
"236",43,43,31,677,708,"43","LOIRE(HAUTE)",2011,"HAUTE-GARONNE"
"237",13112,3846,151144,65653,773228,"44","LOIREATLAN",2011,"LOIRE"
"238",242,75,187,839,6879,"45","LOIRET",2011,"LOIRE-ATLANTIQUE"
"239",5257,1735,198,74522,320966,"46","LOT",2011,"LOT"
"240",6274,1602,22728,47084,402500,"47","LOT-ET-GAR",2011,"LOT-ET-GARONNE"
"241",13,13,0,83,311,"48","LOZERE",2011,"LOZERE"
"242",19662,2380,40635,65980,1099960,"49","MAINE-ET-L",2011,"MAINE-ET-LOIRE"
"243",0,0,0,0,0,"50","MANCHE",2011,"MANCHE"
"244",22395,5,125560,64,2089220,"51","MARNE",2011,"MARNE"
"245",100,66,432,740,5851,"52","MARNE(HAUTE)",2011,"HAUTE-LOIRE"
"246",1,1,77,19,96,"53","MAYENNE",2011,"MAYENNE"
"247",104,44,339,1726,5520,"54","MEURTHE-&-M",2011,"MEURTHE-ET-MOSELLE"
"248",39,39,457,210,1856,"55","MEUSE",2011,"MEUSE"
"249",0,0,0,0,0,"56","MORBIHAN",2011,"MORBIHAN"
"250",115,22,466,434,2386,"57","MOSELLE",2011,"MOSELLE"
"251",1487,140,661,1434,86795,"58","NIEVRE",2011,"NIEVRE"
"252",1,1,6,1,7,"59","NORD",2011,"NORD"
"253",1,1,3,1,4,"60","OISE",2011,"OISE"
"254",1,1,0,3,3,"61","ORNE",2011,"ORNE"
"255",0,0,0,0,0,"62","PAS-DE-CAL",2011,"PAS-DE-CALAIS"
"256",650,380,264,6767,19988,"63","PUY-DE-DOME",2011,"PUY-DE-DOME"
"257",2514,273,681,5460,107434,"64","PYRENEES-AT",2011,"PYRENEES-ATLANTIQUES"
"258",378,170,278,4486,15510,"65","PYRENEES(HTE)",2011,"HAUTE-VIENNE"
"259",25252,7152,24930,74801,1018282,"66","PYRENEES-OR",2011,"PYRENEES-ORIENTALES"
"260",6425,79,17649,943,519171,"67","RHIN(BAS)",2011,"BAS-RHIN"
"261",8635,29,19582,1311,662386,"68","RHIN(HAUT)",2011,"HAUTES-PYRENEES"
"262",17632,358,8718,29379,905390,"69","RHONE",2011,"RHONE"
"263",139,139,479,977,5163,"70","SAONE(HAUTE)",2011,"HAUTE-SAONE"
"264",12800,138,23802,6876,783005,"71","SAONE-ET-L",2011,"SAONE-ET-LOIRE"
"265",241,91,970,1800,9358,"72","SARTHE",2011,"SARTHE"
"266",1936,209,4716,5975,126494,"73","SAVOIE",2011,"SAVOIE"
"267",269,126,6239,2521,17127,"74","SAVOIE(HTE)",2011,"HAUTE-SAVOIE"
"268",0,0,0,0,0,"75","PARIS",2011,"PARIS"
"269",0,0,0,0,0,"76","SEINE-MAR",2011,"SEINE-MARITIME"
"270",22,0,251,0,2132,"77","SEINEETMARNE",2011,"SEINE-ET-MARNE"
"271",0,0,0,0,0,"78","YVELINES",2011,"YVELINES"
"272",993,357,1600,10035,51846,"79","SEVRES(DEUX)",2011,"DEUX-SEVRES"
"273",0,0,0,0,0,"80","SOMME",2011,"SOMME"
"274",6731,3763,16193,74165,461133,"81","TARN",2011,"TARN"
"275",1684,1006,478,26599,109536,"82","TARN-ET-G",2011,"TARN-ET-GARONNE"
"276",28457,6582,3235,32477,1459755,"83","VAR",2011,"VAUCLUSE"
"277",46934,10219,21142,116711,2191749,"84","VAUCLUSE",2011,"VENDEE"
"278",1471,965,5009,29254,74963,"85","VENDEE",2011,"VAR"
"279",1641,1056,5649,16017,88225,"86","VIENNE",2011,"VIENNE"
"280",6,6,0,33,188,"87","VIENNE(HTE)",2011,"HAUTES-ALPES"
"281",31,31,18,612,630,"88","VOSGES",2011,"VOSGES"
"282",6994,84,46323,2808,468101,"89","YONNE",2011,"YONNE"
"283",1,1,10,0,10,"90","T.deBELFORT",2011,"TERRITOIRE DE BELFORT"
"284",0,0,0,0,0,"91","ESSONNE",2011,"ESSONNE"
"285",0,0,0,0,0,"92","HAUTS-DE-S",2011,"HAUTS-DE-SEINE"
"286",0,0,0,0,0,"93","SEINE-ST-D",2011,"SEINE-SAINT-DENIS"
"287",0,0,0,0,0,"94","VAL-DE-MARNE",2011,"VAL-D'OISE"
"288",0,0,0,0,0,"95","VAL-D'OISE",2011,"VAL-DE-MARNE"
"289",864,304,3489,9020,37703,"01","AIN",2012,"AIN"
"290",2449,7,170,10,123781,"02","AISNE",2012,"AISNE"
"291",697,137,537,2548,23492,"03","ALLIER",2012,"ALLIER"
"292",697,95,350,6421,40890,"04","ALPES-HTE-PR",2012,"ALPES-DE-HAUTE-PROVENCE"
"293",110,25,53,290,3417,"05","ALPES-HAUTES",2012,"HAUTE-MARNE"
"294",96,18,12,329,2403,"06","ALPES-Mmes",2012,"ALPES-MARITIMES"
"295",10489,608,10293,14594,550751,"07","ARDECHE",2012,"ARDECHE"
"296",1,1,9,9,18,"08","ARDENNES",2012,"ARDENNES"
"297",200,152,0,325,2093,"09","ARIEGE",2012,"ARIEGE"
"298",7018,25,204,574,404345,"10","AUBE",2012,"AUBE"
"299",64435,3695,32598,174278,3533977,"11","AUDE",2012,"AUDE"
"300",622,310,188,4953,17387,"12","AVEYRON",2012,"AVEYRON"
"301",10051,276,1779,11980,548726,"13","BOUCHES-DU-R",2012,"BOUCHES-DU-RHONE"
"302",3,0,0,0,104,"14","CALVADOS",2012,"CALVADOS"
"303",11,3,5,64,296,"15","CANTAL",2012,"CANTAL"
"304",39024,1035,20456,35778,3739176,"16","CHARENTE",2012,"CHARENTE"
"305",38785,1469,68623,46133,3999281,"17","CHARENTE-MAR",2012,"CHARENTE-MARITIME"
"306",4085,125,403,1664,217078,"18","CHER",2012,"CHER"
"307",205,136,8,2824,4749,"19","CORREZE",2012,"CORREZE"
"308",854,103,310,3488,31500,"2A","CORSESUD",2012,"CORSE-DU-SUD"
"309",4952,233,11801,4988,312333,"2B","CORSE(HTE)",2012,"HAUT-RHIN"
"310",9484,67,552,1081,295199,"21","COTED'OR",2012,"COTE-D'OR"
"311",0,0,0,0,0,"22","COTES-D'ARMOR",2012,"COTES-D'ARMOR"
"312",0,0,0,0,0,"23","CREUSE",2012,"CREUSE"
"313",12086,847,3937,18182,542002,"24","DORDOGNE",2012,"DORDOGNE"
"314",36,17,201,254,690,"25","DOUBS",2012,"DOUBS"
"315",16262,231,566,6006,734766,"26","DROME",2012,"DROME"
"316",0,0,0,0,0,"27","EURE",2012,"EURE"
"317",1,1,0,3,3,"28","EURE-ET-LOIR",2012,"EURE-ET-LOIR"
"318",0,0,0,0,0,"29","FINISTERE",2012,"FINISTERE"
"319",52666,3037,41047,196850,3270564,"30","GARD",2012,"GARD"
"320",1642,188,154,6145,86057,"31","GARONNE(HTE)",2012,"HAUTE-CORSE"
"321",18264,3216,316535,55540,1703299,"32","GERS",2012,"GERS"
"322",115348,2352,12408,168344,5622317,"33","GIRONDE",2012,"GIRONDE"
"323",80807,6580,43883,362016,4792334,"34","HERAULT",2012,"HERAULT"
"324",0,0,0,0,0,"35","ILLE-ET-VIL",2012,"ILLE-ET-VILAINE"
"325",669,292,747,3290,18876,"36","INDRE",2012,"INDRE"
"326",10012,736,4711,13026,380340,"37","INDRE-ET-L",2012,"INDRE-ET-LOIRE"
"327",582,325,1814,7234,21479,"38","ISERE",2012,"ISERE"
"328",2192,184,2277,2024,74692,"39","JURA",2012,"JURA"
"329",1798,310,15754,4359,121006,"40","LANDES",2012,"LANDES"
"330",6905,1008,6227,11903,209042,"41","LOIR-ET-CHER",2012,"LOIRET"
"331",1044,220,2130,5845,36966,"42","LOIRE",2012,"LOIR-ET-CHER"
"332",40,40,16,565,581,"43","LOIRE(HAUTE)",2012,"HAUTE-GARONNE"
"333",12318,1510,24597,31405,376580,"44","LOIREATLAN",2012,"LOIRE"
"334",225,21,78,394,4673,"45","LOIRET",2012,"LOIRE-ATLANTIQUE"
"335",5090,753,130,36942,247952,"46","LOT",2012,"LOT"
"336",6208,766,19965,27552,360084,"47","LOT-ET-GAR",2012,"LOT-ET-GARONNE"
"337",5,5,0,41,303,"48","LOZERE",2012,"LOZERE"
"338",19520,1062,12972,21129,845049,"49","MAINE-ET-L",2012,"MAINE-ET-LOIRE"
"339",0,0,0,0,0,"50","MANCHE",2012,"MANCHE"
"340",23499,5,61,35,1478365,"51","MARNE",2012,"MARNE"
"341",101,26,218,373,4013,"52","MARNE(HAUTE)",2012,"HAUTE-LOIRE"
"342",1,1,19,12,31,"53","MAYENNE",2012,"MAYENNE"
"343",149,95,216,680,2382,"54","MEURTHE-&-M",2012,"MEURTHE-ET-MOSELLE"
"344",38,7,198,22,1023,"55","MEUSE",2012,"MEUSE"
"345",0,0,0,0,0,"56","MORBIHAN",2012,"MORBIHAN"
"346",57,35,75,164,742,"57","MOSELLE",2012,"MOSELLE"
"347",1500,74,413,903,84107,"58","NIEVRE",2012,"NIEVRE"
"348",1,1,12,7,19,"59","NORD",2012,"NORD"
"349",0,0,0,0,0,"60","OISE",2012,"OISE"
"350",0,0,0,0,0,"61","ORNE",2012,"ORNE"
"351",0,0,0,0,0,"62","PAS-DE-CAL",2012,"PAS-DE-CALAIS"
"352",565,224,229,5656,18841,"63","PUY-DE-DOME",2012,"PUY-DE-DOME"
"353",2495,143,679,4336,107939,"64","PYRENEES-AT",2012,"PYRENEES-ATLANTIQUES"
"354",364,124,205,2984,11336,"65","PYRENEES(HTE)",2012,"HAUTE-VIENNE"
"355",23866,842,12163,20375,710081,"66","PYRENEES-OR",2012,"PYRENEES-ORIENTALES"
"356",6628,56,2628,183,506830,"67","RHIN(BAS)",2012,"BAS-RHIN"
"357",8954,24,1355,116,663088,"68","RHIN(HAUT)",2012,"HAUTES-PYRENEES"
"358",17515,313,1758,5640,570831,"69","RHONE",2012,"RHONE"
"359",117,36,197,409,2246,"70","SAONE(HAUTE)",2012,"HAUTE-SAONE"
"360",12953,111,1523,1541,613693,"71","SAONE-ET-L",2012,"SAONE-ET-LOIRE"
"361",252,105,375,799,4375,"72","SARTHE",2012,"SARTHE"
"362",1968,155,2380,3290,111299,"73","SAVOIE",2012,"SAVOIE"
"363",279,130,5653,2764,14442,"74","SAVOIE(HTE)",2012,"HAUTE-SAVOIE"
"364",0,0,0,0,0,"75","PARIS",2012,"PARIS"
"365",0,0,0,0,0,"76","SEINE-MAR",2012,"SEINE-MARITIME"
"366",22,0,0,0,1292,"77","SEINEETMARNE",2012,"SEINE-ET-MARNE"
"367",0,0,0,0,0,"78","YVELINES",2012,"YVELINES"
"368",1021,290,689,7262,45444,"79","SEVRES(DEUX)",2012,"DEUX-SEVRES"
"369",0,0,0,0,0,"80","SOMME",2012,"SOMME"
"370",6664,1125,26786,52300,417492,"81","TARN",2012,"TARN"
"371",1631,458,495,17858,87579,"82","TARN-ET-G",2012,"TARN-ET-GARONNE"
"372",28161,466,1382,20072,1268604,"83","VAR",2012,"VAUCLUSE"
"373",46890,1693,20226,50375,1955689,"84","VAUCLUSE",2012,"VENDEE"
"374",1457,692,2539,18389,45866,"85","VENDEE",2012,"VAR"
"375",1614,587,1293,9619,58962,"86","VIENNE",2012,"VIENNE"
"376",7,2,0,22,280,"87","VIENNE(HTE)",2012,"HAUTES-ALPES"
"377",81,81,18,405,423,"88","VOSGES",2012,"VOSGES"
"378",7150,61,472,1238,381125,"89","YONNE",2012,"YONNE"
"379",1,1,3,0,9,"90","T.deBELFORT",2012,"TERRITOIRE DE BELFORT"
"380",0,0,0,0,0,"91","ESSONNE",2012,"ESSONNE"
"381",0,0,0,0,0,"92","HAUTS-DE-S",2012,"HAUTS-DE-SEINE"
"382",0,0,0,0,0,"93","SEINE-ST-D",2012,"SEINE-SAINT-DENIS"
"383",0,0,0,0,0,"94","VAL-DE-MARNE",2012,"VAL-D'OISE"
"384",0,0,0,0,0,"95","VAL-D'OISE",2012,"VAL-DE-MARNE"
"385",803,242,3857,8692,38559,"01","AIN",2013,"AIN"
"386",2474,7,423,17,219627,"02","AISNE",2013,"AISNE"
"387",685,125,436,2094,20032,"03","ALLIER",2013,"ALLIER"
"388",711,106,424,4353,36266,"04","ALPES-HTE-PR",2013,"ALPES-DE-HAUTE-PROVENCE"
"389",144,41,62,340,5455,"05","ALPES-HAUTES",2013,"HAUTE-MARNE"
"390",125,44,14,223,1879,"06","ALPES-Mmes",2013,"ALPES-MARITIMES"
"391",10405,617,12905,10617,517896,"07","ARDECHE",2013,"ARDECHE"
"392",1,1,12,6,18,"08","ARDENNES",2013,"ARDENNES"
"393",161,139,78,476,1251,"09","ARIEGE",2013,"ARIEGE"
"394",7088,23,272,617,554229,"10","AUBE",2013,"AUBE"
"395",65614,5277,73258,302029,3892421,"11","AUDE",2013,"AUDE"
"396",556,240,153,3741,13423,"12","AVEYRON",2013,"AVEYRON"
"397",10001,252,4366,6140,507832,"13","BOUCHES-DU-R",2013,"BOUCHES-DU-RHONE"
"398",6,1,1,0,168,"14","CALVADOS",2013,"CALVADOS"
"399",11,3,0,55,219,"15","CANTAL",2013,"CANTAL"
"400",39058,840,6217,22262,3907256,"16","CHARENTE",2013,"CHARENTE"
"401",38705,1232,22809,24177,3979850,"17","CHARENTE-MAR",2013,"CHARENTE-MARITIME"
"402",4114,105,527,1834,229513,"18","CHER",2013,"CHER"
"403",179,117,35,1545,3530,"19","CORREZE",2013,"CORREZE"
"404",845,89,350,3397,34585,"2A","CORSESUD",2013,"CORSE-DU-SUD"
"405",4978,279,10117,9634,347660,"2B","CORSE(HTE)",2013,"HAUT-RHIN"
"406",9407,77,366,879,356391,"21","COTED'OR",2013,"COTE-D'OR"
"407",0,0,0,0,0,"22","COTES-D'ARMOR",2013,"COTES-D'ARMOR"
"408",0,0,0,0,0,"23","CREUSE",2013,"CREUSE"
"409",11899,735,4552,9717,389812,"24","DORDOGNE",2013,"DORDOGNE"
"410",36,19,191,224,768,"25","DOUBS",2013,"DOUBS"
"411",16263,480,503,4715,627229,"26","DROME",2013,"DROME"
"412",0,0,0,0,0,"27","EURE",2013,"EURE"
"413",1,1,0,9,9,"28","EURE-ET-LOIR",2013,"EURE-ET-LOIR"
"414",0,0,0,0,0,"29","FINISTERE",2013,"FINISTERE"
"415",53011,2886,27147,182591,3197642,"30","GARD",2013,"GARD"
"416",1596,180,194,3637,56950,"31","GARONNE(HTE)",2013,"HAUTE-CORSE"
"417",18278,1881,124568,17902,1283269,"32","GERS",2013,"GERS"
"418",115416,1585,8884,36135,3964661,"33","GIRONDE",2013,"GIRONDE"
"419",80918,8400,148947,679217,5716091,"34","HERAULT",2013,"HERAULT"
"420",0,0,0,0,0,"35","ILLE-ET-VIL",2013,"ILLE-ET-VILAINE"
"421",557,188,1470,4877,27399,"36","INDRE",2013,"INDRE"
"422",9937,627,10699,18920,418541,"37","INDRE-ET-L",2013,"INDRE-ET-LOIRE"
"423",610,309,1414,3909,15905,"38","ISERE",2013,"ISERE"
"424",2105,168,1907,1580,58288,"39","JURA",2013,"JURA"
"425",1671,238,6394,2415,90718,"40","LANDES",2013,"LANDES"
"426",6552,743,11237,22300,345089,"41","LOIR-ET-CHER",2013,"LOIRET"
"427",924,169,1098,3414,28306,"42","LOIRE",2013,"LOIR-ET-CHER"
"428",37,37,29,486,515,"43","LOIRE(HAUTE)",2013,"HAUTE-GARONNE"
"429",11967,1319,40556,44821,642999,"44","LOIREATLAN",2013,"LOIRE"
"430",203,23,109,602,5771,"45","LOIRET",2013,"LOIRE-ATLANTIQUE"
"431",5055,611,130,12051,146451,"46","LOT",2013,"LOT"
"432",6241,612,6287,14099,279431,"47","LOT-ET-GAR",2013,"LOT-ET-GARONNE"
"433",11,2,21,221,461,"48","LOZERE",2013,"LOZERE"
"434",19540,1050,21356,28128,994432,"49","MAINE-ET-L",2013,"MAINE-ET-LOIRE"
"435",0,0,0,0,0,"50","MANCHE",2013,"MANCHE"
"436",23945,5,75,60,2043341,"51","MARNE",2013,"MARNE"
"437",105,37,603,664,5798,"52","MARNE(HAUTE)",2013,"HAUTE-LOIRE"
"438",2,2,49,32,81,"53","MAYENNE",2013,"MAYENNE"
"439",274,207,462,1050,3901,"54","MEURTHE-&-M",2013,"MEURTHE-ET-MOSELLE"
"440",48,17,309,78,1903,"55","MEUSE",2013,"MEUSE"
"441",0,0,0,0,0,"56","MORBIHAN",2013,"MORBIHAN"
"442",70,39,648,870,2690,"57","MOSELLE",2013,"MOSELLE"
"443",1666,53,398,1046,81397,"58","NIEVRE",2013,"NIEVRE"
"444",1,1,15,20,35,"59","NORD",2013,"NORD"
"445",1,1,3,1,4,"60","OISE",2013,"OISE"
"446",1,1,0,5,5,"61","ORNE",2013,"ORNE"
"447",0,0,0,0,0,"62","PAS-DE-CAL",2013,"PAS-DE-CALAIS"
"448",635,290,208,4710,16934,"63","PUY-DE-DOME",2013,"PUY-DE-DOME"
"449",2649,283,410,1920,78026,"64","PYRENEES-AT",2013,"PYRENEES-ATLANTIQUES"
"450",341,107,128,1909,11529,"65","PYRENEES(HTE)",2013,"HAUTE-VIENNE"
"451",23496,761,16965,25764,773826,"66","PYRENEES-OR",2013,"PYRENEES-ORIENTALES"
"452",6642,48,2161,181,441286,"67","RHIN(BAS)",2013,"BAS-RHIN"
"453",8965,22,837,104,553451,"68","RHIN(HAUT)",2013,"HAUTES-PYRENEES"
"454",17075,274,1605,8083,761962,"69","RHONE",2013,"RHONE"
"455",118,57,392,814,2821,"70","SAONE(HAUTE)",2013,"HAUTE-SAONE"
"456",13181,133,1619,1672,642862,"71","SAONE-ET-L",2013,"SAONE-ET-LOIRE"
"457",225,80,778,1173,7798,"72","SARTHE",2013,"SARTHE"
"458",1901,111,1777,3210,101940,"73","SAVOIE",2013,"SAVOIE"
"459",268,119,5251,1826,12843,"74","SAVOIE(HTE)",2013,"HAUTE-SAVOIE"
"460",0,0,0,0,0,"75","PARIS",2013,"PARIS"
"461",0,0,0,0,0,"76","SEINE-MAR",2013,"SEINE-MARITIME"
"462",22,0,0,0,1901,"77","SEINEETMARNE",2013,"SEINE-ET-MARNE"
"463",0,0,0,0,0,"78","YVELINES",2013,"YVELINES"
"464",1045,375,1683,6548,47591,"79","SEVRES(DEUX)",2013,"DEUX-SEVRES"
"465",0,0,0,0,0,"80","SOMME",2013,"SOMME"
"466",6876,1218,16486,28706,309638,"81","TARN",2013,"TARN"
"467",1555,423,437,13965,61430,"82","TARN-ET-G",2013,"TARN-ET-GARONNE"
"468",28088,459,3282,20040,1358425,"83","VAR",2013,"VAUCLUSE"
"469",46924,1878,19171,36798,1663943,"84","VAUCLUSE",2013,"VENDEE"
"470",1400,661,3287,19454,61667,"85","VENDEE",2013,"VAR"
"471",1513,608,6648,9927,69273,"86","VIENNE",2013,"VIENNE"
"472",7,1,0,14,313,"87","VIENNE(HTE)",2013,"HAUTES-ALPES"
"473",27,27,18,659,677,"88","VOSGES",2013,"VOSGES"
"474",7283,73,373,1267,294480,"89","YONNE",2013,"YONNE"
"475",1,0,0,0,5,"90","T.deBELFORT",2013,"TERRITOIRE DE BELFORT"
"476",0,0,0,0,0,"91","ESSONNE",2013,"ESSONNE"
"477",0,0,0,0,0,"92","HAUTS-DE-S",2013,"HAUTS-DE-SEINE"
"478",0,0,0,0,0,"93","SEINE-ST-D",2013,"SEINE-SAINT-DENIS"
"479",0,0,0,0,0,"94","VAL-DE-MARNE",2013,"VAL-D'OISE"
"480",0,0,0,0,0,"95","VAL-D'OISE",2013,"VAL-DE-MARNE"
"481",771,216,3427,9200,42031,"01","AIN",2014,"AIN"
"482",2499,7,388,15,214779,"02","AISNE",2014,"AISNE"
"483",643,100,641,2771,27420,"03","ALLIER",2014,"ALLIER"
"484",688,87,469,6886,46905,"04","ALPES-HTE-PR",2014,"ALPES-DE-HAUTE-PROVENCE"
"485",130,31,48,346,4960,"05","ALPES-HAUTES",2014,"HAUTE-MARNE"
"486",85,11,24,318,2786,"06","ALPES-Mmes",2014,"ALPES-MARITIMES"
"487",10564,755,13946,21653,622520,"07","ARDECHE",2014,"ARDECHE"
"488",1,1,20,5,24,"08","ARDENNES",2014,"ARDENNES"
"489",103,50,3,278,2305,"09","ARIEGE",2014,"ARIEGE"
"490",7187,25,358,663,648124,"10","AUBE",2014,"AUBE"
"491",64774,4360,42409,233365,3621870,"11","AUDE",2014,"AUDE"
"492",616,293,152,3971,17890,"12","AVEYRON",2014,"AVEYRON"
"493",10043,331,7865,20541,676055,"13","BOUCHES-DU-R",2014,"BOUCHES-DU-RHONE"
"494",6,1,1,0,210,"14","CALVADOS",2014,"CALVADOS"
"495",10,2,5,42,280,"15","CANTAL",2014,"CANTAL"
"496",39208,801,8925,25672,4307967,"16","CHARENTE",2014,"CHARENTE"
"497",38742,1072,34138,37626,4298342,"17","CHARENTE-MAR",2014,"CHARENTE-MARITIME"
"498",4139,98,570,1566,251222,"18","CHER",2014,"CHER"
"499",179,111,28,2021,4625,"19","CORREZE",2014,"CORREZE"
"500",842,76,310,3367,34489,"2A","CORSESUD",2014,"CORSE-DU-SUD"
"501",5103,290,4814,6946,328857,"2B","CORSE(HTE)",2014,"HAUT-RHIN"
"502",9530,75,935,1429,420727,"21","COTED'OR",2014,"COTE-D'OR"
"503",11722,692,4672,15954,524459,"24","DORDOGNE",2014,"DORDOGNE"
"504",27,18,324,321,897,"25","DOUBS",2014,"DOUBS"
"505",16130,309,852,15228,854204,"26","DROME",2014,"DROME"
"506",1,1,0,6,6,"28","EURE-ET-LOIR",2014,"EURE-ET-LOIR"
"507",52804,3299,35823,281681,3531719,"30","GARD",2014,"GARD"
"508",1551,156,286,5216,84052,"31","GARONNE(HTE)",2014,"HAUTE-CORSE"
"509",18420,3245,256848,34824,1558565,"32","GERS",2014,"GERS"
"510",114724,2024,11818,133007,5642353,"33","GIRONDE",2014,"GIRONDE"
"511",81033,6205,67957,367227,4727618,"34","HERAULT",2014,"HERAULT"
"512",564,176,1641,4231,26601,"36","INDRE",2014,"INDRE"
"513",9862,577,10364,18675,463793,"37","INDRE-ET-L",2014,"INDRE-ET-LOIRE"
"514",495,273,2070,4763,17658,"38","ISERE",2014,"ISERE"
"515",2210,156,2421,1979,75601,"39","JURA",2014,"JURA"
"516",1633,181,9143,1943,109235,"40","LANDES",2014,"LANDES"
"517",6489,733,10355,19465,333597,"41","LOIR-ET-CHER",2014,"LOIRET"
"518",1192,218,1866,4724,38569,"42","LOIRE",2014,"LOIR-ET-CHER"
"519",35,35,44,508,552,"43","LOIRE(HAUTE)",2014,"HAUTE-GARONNE"
"520",11788,1657,62591,47916,640470,"44","LOIREATLAN",2014,"LOIRE"
"521",187,18,96,472,6399,"45","LOIRET",2014,"LOIRE-ATLANTIQUE"
"522",4993,686,370,47657,311201,"46","LOT",2014,"LOT"
"523",6040,638,12098,23023,358806,"47","LOT-ET-GAR",2014,"LOT-ET-GARONNE"
"524",13,2,0,39,333,"48","LOZERE",2014,"LOZERE"
"525",19378,1063,22658,30297,1049359,"49","MAINE-ET-L",2014,"MAINE-ET-LOIRE"
"526",23958,3,75,53,2232004,"51","MARNE",2014,"MARNE"
"527",108,35,699,616,6853,"52","MARNE(HAUTE)",2014,"HAUTE-LOIRE"
"528",2,2,47,29,76,"53","MAYENNE",2014,"MAYENNE"
"529",196,51,514,867,5399,"54","MEURTHE-&-M",2014,"MEURTHE-ET-MOSELLE"
"530",42,9,366,110,2441,"55","MEUSE",2014,"MEUSE"
"531",189,96,1410,591,4415,"57","MOSELLE",2014,"MOSELLE"
"532",1543,41,494,1063,91087,"58","NIEVRE",2014,"NIEVRE"
"533",1,1,23,14,37,"59","NORD",2014,"NORD"
"534",1,1,2,0,2,"60","OISE",2014,"OISE"
"535",797,312,331,4731,17948,"63","PUY-DE-DOME",2014,"PUY-DE-DOME"
"536",2588,247,749,2477,92427,"64","PYRENEES-AT",2014,"PYRENEES-ATLANTIQUES"
"537",306,116,172,1786,10313,"65","PYRENEES(HTE)",2014,"HAUTE-VIENNE"
"538",23640,1385,24024,24310,826570,"66","PYRENEES-OR",2014,"PYRENEES-ORIENTALES"
"539",6662,69,2227,129,455951,"67","RHIN(BAS)",2014,"BAS-RHIN"
"540",8978,25,1093,68,583113,"68","RHIN(HAUT)",2014,"HAUTES-PYRENEES"
"541",16829,297,2077,10916,849496,"69","RHONE",2014,"RHONE"
"542",119,54,589,765,3733,"70","SAONE(HAUTE)",2014,"HAUTE-SAONE"
"543",12923,95,2523,1711,774843,"71","SAONE-ET-L",2014,"SAONE-ET-LOIRE"
"544",182,50,520,826,5844,"72","SARTHE",2014,"SARTHE"
"545",1898,127,2656,2650,106863,"73","SAVOIE",2014,"SAVOIE"
"546",249,91,3606,2080,12705,"74","SAVOIE(HTE)",2014,"HAUTE-SAVOIE"
"547",22,0,0,0,1829,"77","SEINEETMARNE",2014,"SEINE-ET-MARNE"
"548",918,226,720,6371,51255,"79","SEVRES(DEUX)",2014,"DEUX-SEVRES"
"549",6576,1010,29502,36867,397101,"81","TARN",2014,"TARN"
"550",1661,485,316,15593,85080,"82","TARN-ET-G",2014,"TARN-ET-GARONNE"
"551",27828,457,2856,24360,1568625,"83","VAR",2014,"VAUCLUSE"
"552",46584,1792,21169,100206,2403997,"84","VAUCLUSE",2014,"VENDEE"
"553",1336,631,3583,17941,56744,"85","VENDEE",2014,"VAR"
"554",1438,493,1846,11479,68505,"86","VIENNE",2014,"VIENNE"
"555",7,1,2,16,363,"87","VIENNE(HTE)",2014,"HAUTES-ALPES"
"556",31,31,12,427,439,"88","VOSGES",2014,"VOSGES"
"557",7430,63,576,1756,447947,"89","YONNE",2014,"YONNE"
"558",1,0,0,0,8,"90","T.deBELFORT",2014,"TERRITOIRE DE BELFORT"
"559",758,189,2977,7520,39233,"01","AIN",2015,"AIN"
"560",2441,5,349,8,179477,"02","AISNE",2015,"AISNE"
"561",647,86,548,2233,27103,"03","ALLIER",2015,"ALLIER"
"562",674,72,213,4593,41733,"04","ALPES-HTE-PR",2015,"ALPES-DE-HAUTE-PROVENCE"
"563",116,15,88,233,4456,"05","ALPES-HAUTES",2015,"HAUTE-MARNE"
"564",86,6,7,84,2245,"06","ALPES-Mmes",2015,"ALPES-MARITIMES"
"565",10321,640,8601,11671,520944,"07","ARDECHE",2015,"ARDECHE"
"566",0,0,3,2,5,"08","ARDENNES",2015,"ARDENNES"
"567",67,15,16,412,2544,"09","ARIEGE",2015,"ARIEGE"
"568",6968,16,204,393,514671,"10","AUBE",2015,"AUBE"
"569",67810,3694,63675,244488,3884761,"11","AUDE",2015,"AUDE"
"570",404,83,97,1414,14223,"12","AVEYRON",2015,"AVEYRON"
"571",10151,275,10380,9870,622859,"13","BOUCHES-DU-R",2015,"BOUCHES-DU-RHONE"
"572",5,0,1,0,183,"14","CALVADOS",2015,"CALVADOS"
"573",8,1,5,23,212,"15","CANTAL",2015,"CANTAL"
"574",39145,732,24861,24830,4789078,"16","CHARENTE",2015,"CHARENTE"
"575",38783,1122,74960,42249,4862613,"17","CHARENTE-MAR",2015,"CHARENTE-MARITIME"
"576",4191,102,286,1239,235015,"18","CHER",2015,"CHER"
"577",139,65,13,1352,3335,"19","CORREZE",2015,"CORREZE"
"578",9528,85,1029,2332,392048,"21","COTED'OR",2015,"COTE-D'OR"
"579",11476,582,5145,16415,518646,"24","DORDOGNE",2015,"DORDOGNE"
"580",22,14,209,194,652,"25","DOUBS",2015,"DOUBS"
"581",15995,270,987,8474,773637,"26","DROME",2015,"DROME"
"582",0,0,0,7,7,"28","EURE-ET-LOIR",2015,"EURE-ET-LOIR"
"583",887,93,329,2885,35004,"2A","CORSESUD",2015,"CORSE-DU-SUD"
"584",4908,248,6443,10782,353266,"2B","CORSE(HTE)",2015,"HAUT-RHIN"
"585",52498,2802,42637,222984,3369402,"30","GARD",2015,"GARD"
"586",1547,190,284,3818,78172,"31","GARONNE(HTE)",2015,"HAUTE-CORSE"
"587",17711,2837,358423,28556,1729100,"32","GERS",2015,"GERS"
"588",113645,1923,11498,115409,5672267,"33","GIRONDE",2015,"GIRONDE"
"589",81124,6171,119405,426007,5552878,"34","HERAULT",2015,"HERAULT"
"590",557,171,1105,3226,22852,"36","INDRE",2015,"INDRE"
"591",9726,581,9793,17683,466382,"37","INDRE-ET-L",2015,"INDRE-ET-LOIRE"
"592",690,463,1820,5275,19220,"38","ISERE",2015,"ISERE"
"593",2149,164,3005,3062,80253,"39","JURA",2015,"JURA"
"594",1503,209,24007,3721,129449,"40","LANDES",2015,"LANDES"
"595",6454,666,10041,9143,299308,"41","LOIR-ET-CHER",2015,"LOIRET"
"596",940,132,1456,2976,35100,"42","LOIRE",2015,"LOIR-ET-CHER"
"597",41,41,18,551,569,"43","LOIRE(HAUTE)",2015,"HAUTE-GARONNE"
"598",11650,1890,92146,52187,704726,"44","LOIREATLAN",2015,"LOIRE"
"599",432,261,114,290,5776,"45","LOIRET",2015,"LOIRE-ATLANTIQUE"
"600",4902,499,310,27942,281515,"46","LOT",2015,"LOT"
"601",5792,629,20381,22549,354391,"47","LOT-ET-GAR",2015,"LOT-ET-GARONNE"
"602",12,1,0,24,242,"48","LOZERE",2015,"LOZERE"
"603",19340,1135,24084,30185,1073591,"49","MAINE-ET-L",2015,"MAINE-ET-LOIRE"
"604",23183,5,150,41,1806125,"51","MARNE",2015,"MARNE"
"605",133,51,360,361,6326,"52","MARNE(HAUTE)",2015,"HAUTE-LOIRE"
"606",2,2,45,23,568,"53","MAYENNE",2015,"MAYENNE"
"607",141,63,712,877,5053,"54","MEURTHE-&-M",2015,"MEURTHE-ET-MOSELLE"
"608",41,8,284,91,1712,"55","MEUSE",2015,"MEUSE"
"609",95,57,2302,704,4777,"57","MOSELLE",2015,"MOSELLE"
"610",1585,72,431,766,86856,"58","NIEVRE",2015,"NIEVRE"
"611",1,1,22,22,44,"59","NORD",2015,"NORD"
"612",0,0,16,1,17,"60","OISE",2015,"OISE"
"613",0,0,4,0,4,"62","PASDECALAIS",2015,"PAS-DE-CALAIS"
"614",465,128,408,4522,18540,"63","PUY-DE-DOME",2015,"PUY-DE-DOME"
"615",2427,106,675,3270,100680,"64","PYRENEES-AT",2015,"PYRENEES-ATLANTIQUES"
"616",468,256,82,1117,11278,"65","PYRENEES(HTE)",2015,"HAUTE-VIENNE"
"617",22533,771,17684,21943,842710,"66","PYRENEES-OR",2015,"PYRENEES-ORIENTALES"
"618",6637,33,750,57,446908,"67","RHIN(BAS)",2015,"BAS-RHIN"
"619",8942,17,766,339,559928,"68","RHIN(HAUT)",2015,"HAUTES-PYRENEES"
"620",16669,242,2205,6596,705175,"69","RHONE",2015,"RHONE"
"621",105,36,354,575,3439,"70","SAONE(HAUTE)",2015,"HAUTE-SAONE"
"622",12951,92,1973,1476,727180,"71","SAONE-ET-L",2015,"SAONE-ET-LOIRE"
"623",205,57,729,1303,6871,"72","SARTHE",2015,"SARTHE"
"624",1860,105,3824,2147,111007,"73","SAVOIE",2015,"SAVOIE"
"625",248,90,3725,2183,11503,"74","SAVOIE(HTE)",2015,"HAUTE-SAVOIE"
"626",22,0,0,0,1716,"77","SEINEETMARNE",2015,"SEINE-ET-MARNE"
"627",946,251,972,6428,52892,"79","SEVRES(DEUX)",2015,"DEUX-SEVRES"
"628",6460,972,24733,31407,354823,"81","TARN",2015,"TARN"
"629",1606,359,227,11166,86067,"82","TARN-ET-G",2015,"TARN-ET-GARONNE"
"630",27663,350,2698,15664,1474641,"83","VAR",2015,"VAUCLUSE"
"631",45877,1547,13889,61461,2152369,"84","VAUCLUSE",2015,"VENDEE"
"632",1084,376,3524,12832,55970,"85","VENDEE",2015,"VAR"
"633",1320,330,1520,7025,66607,"86","VIENNE",2015,"VIENNE"
"634",7,1,15,11,198,"87","VIENNE(HTE)",2015,"HAUTES-ALPES"
"635",21,21,173,380,553,"88","VOSGES",2015,"VOSGES"
"636",7566,49,563,1075,459920,"89","YONNE",2015,"YONNE"
"637",1,1,11,0,18,"90","T.deBELFORT",2015,"TERRITOIRE DE BELFORT"
"638",778,218,4635,9520,45435,"01","AIN",2016,"AIN"
"639",2429,4,150,0,157345,"02","AISNE",2016,"AISNE"
"640",610,61,354,1682,25500,"03","ALLIER",2016,"ALLIER"
"641",778,48,393,3271,43717,"04","ALPES-HTE-PR",2016,"ALPES-DE-HAUTE-PROVENCE"
"642",138,32,105,222,6308,"05","ALPES-HAUTES",2016,"HAUTE-MARNE"
"643",84,5,3,139,2593,"06","ALPES-Mmes",2016,"ALPES-MARITIMES"
"644",10436,781,21765,24340,677308,"07","ARDECHE",2016,"ARDECHE"
"645",64,14,12,221,2401,"09","ARIEGE",2016,"ARIEGE"
"646",7091,104,63,107,338105,"10","AUBE",2016,"AUBE"
"647",64370,3120,44210,172821,3587812,"11","AUDE",2016,"AUDE"
"648",454,117,128,1716,16598,"12","AVEYRON",2016,"AVEYRON"
"649",10313,244,6831,4343,594693,"13","BOUCHES-DU-R",2016,"BOUCHES-DU-RHONE"
"650",5,0,0,0,133,"14","CALVADOS",2016,"CALVADOS"
"651",8,1,2,8,180,"15","CANTAL",2016,"CANTAL"
"652",39155,713,10811,16881,3668972,"16","CHARENTE",2016,"CHARENTE"
"653",38924,987,53481,32449,4161166,"17","CHARENTE-MAR",2016,"CHARENTE-MARITIME"
"654",4170,37,181,478,203169,"18","CHER",2016,"CHER"
"655",127,54,16,1029,3324,"19","CORREZE",2016,"CORREZE"
"656",9669,60,362,355,273866,"21","COTED'OR",2016,"COTE-D'OR"
"657",11514,687,14815,34215,636836,"24","DORDOGNE",2016,"DORDOGNE"
"658",77,69,625,609,1442,"25","DOUBS",2016,"DOUBS"
"659",16041,283,2171,16290,848353,"26","DROME",2016,"DROME"
"660",0,0,0,7,7,"28","EURE-ET-LOIR",2016,"EURE-ET-LOIR"
"661",875,79,625,2830,38552,"2A","CORSESUD",2016,"CORSE-DU-SUD"
"662",4974,256,8413,13997,350185,"2B","CORSE(HTE)",2016,"HAUT-RHIN"
"663",52491,2554,40354,213578,3469702,"30","GARD",2016,"GARD"
"664",1492,168,357,7977,95950,"31","GARONNE(HTE)",2016,"HAUTE-CORSE"
"665",18172,3664,500707,36010,1924247,"32","GERS",2016,"GERS"
"666",114074,2750,38169,240767,6707680,"33","GIRONDE",2016,"GIRONDE"
"667",81059,4740,61527,246513,4629582,"34","HERAULT",2016,"HERAULT"
"668",536,122,457,2280,22815,"36","INDRE",2016,"INDRE"
"669",9609,526,7567,11543,301701,"37","INDRE-ET-L",2016,"INDRE-ET-LOIRE"
"670",417,195,1877,4436,18869,"38","ISERE",2016,"ISERE"
"671",3377,1357,3785,2503,94637,"39","JURA",2016,"JURA"
"672",1637,352,34498,4073,141616,"40","LANDES",2016,"LANDES"
"673",6390,644,6602,11626,274811,"41","LOIR-ET-CHER",2016,"LOIRET"
"674",985,173,2489,4854,45794,"42","LOIRE",2016,"LOIR-ET-CHER"
"675",12,12,19,134,152,"43","LOIRE(HAUTE)",2016,"HAUTE-GARONNE"
"676",11057,1299,21529,28855,373922,"44","LOIREATLAN",2016,"LOIRE"
"677",138,16,32,204,2695,"45","LOIRET",2016,"LOIRE-ATLANTIQUE"
"678",4812,352,565,15197,238975,"46","LOT",2016,"LOT"
"679",5914,746,32322,33060,434665,"47","LOT-ET-GAR",2016,"LOT-ET-GARONNE"
"680",11,0,1,6,306,"48","LOZERE",2016,"LOZERE"
"681",19292,988,17667,26585,994976,"49","MAINE-ET-L",2016,"MAINE-ET-LOIRE"
"682",23424,1,7,12,1592719,"51","MARNE",2016,"MARNE"
"683",104,27,285,284,3372,"52","MARNE(HAUTE)",2016,"HAUTE-LOIRE"
"684",1,1,45,0,45,"53","MAYENNE",2016,"MAYENNE"
"685",110,35,983,795,5300,"54","MEURTHE-&-M",2016,"MEURTHE-ET-MOSELLE"
"686",39,7,390,13,2254,"55","MEUSE",2016,"MEUSE"
"687",98,26,913,128,2549,"57","MOSELLE",2016,"MOSELLE"
"688",1520,29,134,188,55825,"58","NIEVRE",2016,"NIEVRE"
"689",1,1,0,3,3,"59","NORD",2016,"NORD"
"690",0,0,9,0,9,"60","OISE",2016,"OISE"
"691",0,0,4,0,4,"62","PAS-DE-CALAIS",2016,"PAS-DE-CALAIS"
"692",439,98,254,2090,16432,"63","PUY-DE-DOME",2016,"PUY-DE-DOME"
"693",2493,136,920,2757,116627,"64","PYRENEES-AT",2016,"PYRENEES-ATLANTIQUES"
"694",462,90,53,593,12403,"65","PYRENEES(HTE)",2016,"HAUTE-VIENNE"
"695",25721,813,5544,9030,675176,"66","PYRENEES-OR",2016,"PYRENEES-ORIENTALES"
"696",6615,19,789,47,540284,"67","RHIN(BAS)",2016,"BAS-RHIN"
"697",8916,32,962,20,714342,"68","RHIN(HAUT)",2016,"HAUTES-PYRENEES"
"698",16704,303,3531,19743,852145,"69","RHONE",2016,"RHONE"
"699",1243,1021,274,258,2174,"70","SAONE(HAUTE)",2016,"HAUTE-SAONE"
"700",12864,77,1972,1320,757308,"71","SAONE-ET-L",2016,"SAONE-ET-LOIRE"
"701",192,45,255,335,3604,"72","SARTHE",2016,"SARTHE"
"702",1878,122,3369,2276,119297,"73","SAVOIE",2016,"SAVOIE"
"703",242,87,3884,2131,14115,"74","SAVOIE(HTE)",2016,"HAUTE-SAVOIE"
"704",22,0,0,0,1437,"77","SEINEETMARNE",2016,"SEINE-ET-MARNE"
"705",804,102,748,2391,46296,"79","SEVRES(DEUX)",2016,"DEUX-SEVRES"
"706",6547,1045,28574,66268,485724,"81","TARN",2016,"TARN"
"707",1497,283,381,21993,107052,"82","TARN-ET-G",2016,"TARN-ET-GARONNE"
"708",27934,364,2806,19242,1469587,"83","VAR",2016,"VAUCLUSE"
"709",50316,1487,9783,73690,2209301,"84","VAUCLUSE",2016,"VENDEE"
"710",977,243,1253,5412,35601,"85","VENDEE",2016,"VAR"
"711",1224,271,2858,3489,57164,"86","VIENNE",2016,"VIENNE"
"712",7,1,4,4,104,"87","VIENNE(HTE)",2016,"HAUTES-ALPES"
"713",9,9,3,71,74,"88","VOSGES",2016,"VOSGES"
"714",7514,24,170,316,206712,"89","YONNE",2016,"YONNE"
"715",750,192,3676,4864,29615,"01","AIN",2017,"AIN"
"716",2524,4,159,0,152566,"02","AISNE",2017,"AISNE"
"717",610,45,199,664,15066,"03","ALLIER",2017,"ALLIER"
"718",701,50,292,3269,33053,"04","ALPESDEHAUTES-PROVENCE",2017,"ALPES-DE-HAUTE-PROVENCE"
"719",115,9,22,79,2195,"05","HAUTES-ALPES",2017,"HAUTE-MARNE"
"720",84,1,15,50,2094,"06","ALPES-MARITIMES",2017,"ALPES-MARITIMES"
"721",10274,495,8562,6357,396604,"07","ARDECHE",2017,"ARDECHE"
"722",67,7,9,120,1350,"09","ARIEGE",2017,"ARIEGE"
"723",7172,7,101,604,493361,"10","AUBE",2017,"AUBE"
"724",64535,3065,28166,138391,3147094,"11","AUDE",2017,"AUDE"
"725",389,48,21,301,4868,"12","AVEYRON",2017,"AVEYRON"
"726",11193,182,1527,3901,535445,"13","BOUCHES-DU-RHONE",2017,"BOUCHES-DU-RHONE"
"727",5,0,0,0,117,"14","CALVADOS",2017,"CALVADOS"
"728",9,0,0,9,106,"15","CANTAL",2017,"CANTAL"
"729",39337,469,3205,9579,3022218,"16","CHARENTE",2017,"CHARENTE"
"730",39102,854,34938,24397,3840345,"17","CHARENTE-MARITIME",2017,"CHARENTE-MARITIME"
"731",4226,37,291,814,235991,"18","CHER",2017,"CHER"
"732",94,27,2,553,1101,"19","CORREZE",2017,"CORREZE"
"733",9465,56,1053,836,468308,"21","COTE-D'OR",2017,"COTE-D'OR"
"734",11311,466,3237,5537,306187,"24","DORDOGNE",2017,"DORDOGNE"
"735",26,15,174,165,654,"25","DOUBS",2017,"DOUBS"
"736",15865,233,818,3160,582426,"26","DROME",2017,"DROME"
"737",0,0,0,0,0,"28","EURE-ET-LOIR",2017,"EURE-ET-LOIR"
"738",877,86,390,1514,27464,"2A","CORSE-DU-SUD",2017,"CORSE-DU-SUD"
"739",5000,196,9297,2497,287517,"2B","HAUTE-CORSE",2017,"HAUT-RHIN"
"740",52605,2212,18717,82808,2583611,"30","GARD",2017,"GARD"
"741",1359,117,164,2795,47853,"31","HAUTE-GARONNE",2017,"HAUTE-CORSE"
"742",18477,3339,343950,40693,1661986,"32","GERS",2017,"GERS"
"743",114554,1589,6426,28059,3638261,"33","GIRONDE",2017,"GIRONDE"
"744",80841,4018,47250,145364,4036480,"34","HERAULT",2017,"HERAULT"
"745",546,139,342,2397,20865,"36","INDRE",2017,"INDRE"
"746",9735,521,8977,17229,446145,"37","INDRE-ET-LOIRE",2017,"INDRE-ET-LOIRE"
"747",325,90,965,2767,13045,"38","ISERE",2017,"ISERE"
"748",2086,125,1295,1493,46264,"39","JURA",2017,"JURA"
"749",1570,279,21833,1839,112077,"40","LANDES",2017,"LANDES"
"750",6386,670,8422,11996,220696,"41","LOIR-ET-CHER",2017,"LOIRET"
"751",953,120,1452,2546,33301,"42","LOIRE",2017,"LOIR-ET-CHER"
"752",6,6,8,62,70,"43","HAUTE-LOIRE",2017,"HAUTE-GARONNE"
"753",11037,1404,27686,34630,418930,"44","LOIRE-ATLANTIQUE",2017,"LOIRE"
"754",138,17,39,260,2964,"45","LOIRET",2017,"LOIRE-ATLANTIQUE"
"755",4875,343,371,5764,115195,"46","LOT",2017,"LOT"
"756",5982,591,17567,12223,312750,"47","LOT-ET-GARONNE",2017,"LOT-ET-GARONNE"
"757",9,0,2,5,154,"48","LOZERE",2017,"LOZERE"
"758",19369,918,15166,21356,905311,"49","MAINE-ET-LOIRE",2017,"MAINE-ET-LOIRE"
"759",24101,0,5,8,1591874,"51","MARNE",2017,"MARNE"
"760",98,17,529,364,6909,"52","HAUTE-MARNE",2017,"HAUTE-LOIRE"
"761",1,1,49,7,58,"53","MAYENNE",2017,"MAYENNE"
"762",116,25,308,587,3540,"54","MEURTHE-ET-MOSELLE",2017,"MEURTHE-ET-MOSELLE"
"763",41,8,293,91,2009,"55","MEUSE",2017,"MEUSE"
"764",78,28,1033,186,2948,"57","MOSELLE",2017,"MOSELLE"
"765",1528,29,305,575,74003,"58","NIEVRE",2017,"NIEVRE"
"766",1,1,12,28,40,"59","NORD",2017,"NORD"
"767",0,0,12,0,12,"60","OISE",2017,"OISE"
"768",0,0,7,0,7,"62","PAS-DE-CALAIS",2017,"PAS-DE-CALAIS"
"769",438,86,181,1365,10297,"63","PUY-DE-DOME",2017,"PUY-DE-DOME"
"770",2500,86,540,3088,102683,"64","PYRENEES-ATLANTIQUES",2017,"PYRENEES-ATLANTIQUES"
"771",251,20,51,420,11238,"65","HAUTES-PYRENEES",2017,"HAUTE-VIENNE"
"772",21438,819,6976,11966,672812,"66","PYRENEES-ORIENTALES",2017,"PYRENEES-ORIENTALES"
"773",6698,21,942,77,439855,"67","BAS-RHIN",2017,"BAS-RHIN"
"774",8987,18,717,35,484952,"68","HAUT-RHIN",2017,"HAUTES-PYRENEES"
"775",16237,312,1850,10307,675981,"69","RHONE",2017,"RHONE"
"776",104,25,236,386,2882,"70","HAUTE-SAONE",2017,"HAUTE-SAONE"
"777",12991,102,1845,1025,721150,"71","SAONE-ET-LOIRE",2017,"SAONE-ET-LOIRE"
"778",198,47,676,679,6356,"72","SARTHE",2017,"SARTHE"
"779",1850,83,1933,1265,97482,"73","SAVOIE",2017,"SAVOIE"
"780",240,83,1745,1276,8391,"74","HAUTE-SAVOIE",2017,"HAUTE-SAVOIE"
"781",1,1,16,0,16,"76","SEINE-MARITIME",2017,"SEINE-MARITIME"
"782",27,0,0,0,1361,"77","SEINE-ET-MARNE",2017,"SEINE-ET-MARNE"
"783",810,84,790,2342,41060,"79","DEUX-SEVRES",2017,"DEUX-SEVRES"
"784",6561,850,15725,37719,363923,"81","TARN",2017,"TARN"
"785",1474,228,188,6353,61639,"82","TARN-ET-GARONNE",2017,"TARN-ET-GARONNE"
"786",28111,319,1341,11372,1211490,"83","VAR",2017,"VAUCLUSE"
"787",45749,1350,2532,24074,1542437,"84","VAUCLUSE",2017,"VENDEE"
"788",950,188,1710,5262,44973,"85","VENDEE",2017,"VAR"
"789",1187,208,1041,4271,50445,"86","VIENNE",2017,"VIENNE"
"790",7,1,3,1,35,"87","HAUTE-VIENNE",2017,"HAUTES-ALPES"
"791",7,7,1,181,182,"88","VOSGES",2017,"VOSGES"
"792",7683,34,306,695,348234,"89","YONNE",2017,"YONNE"
"793",0,0,0,20,20,"90","TERRITOIRE-DE-BELFORT",2017,"TERRITOIRE DE BELFORT"
"794",735,180,5039,8689,47265,"01","AIN",2018,"AIN"
"795",2491,5,411,0,247008,"02","AISNE",2018,"AISNE"
"796",598,31,604,640,30854,"03","ALLIER",2018,"ALLIER"
"797",695,53,398,2518,38342,"04","ALPESDEHAUTES-PROVENCE",2018,"ALPES-DE-HAUTE-PROVENCE"
"798",112,3,73,26,5477,"05","HAUTES-ALPES",2018,"HAUTE-MARNE"
"799",78,0,0,2,1934,"06","ALPES-MARITIMES",2018,"ALPES-MARITIMES"
"800",10232,483,14078,11098,562660,"07","ARDECHE",2018,"ARDECHE"
"801",64,4,5,42,1176,"09","ARIEGE",2018,"ARIEGE"
"802",7166,0,4,0,727922,"10","AUBE",2018,"AUBE"
"803",64220,3284,48691,193088,3559336,"11","AUDE",2018,"AUDE"
"804",401,37,70,740,14306,"12","AVEYRON",2018,"AVEYRON"
"805",10595,203,1907,9605,675627,"13","BOUCHES-DU-RHONE",2018,"BOUCHES-DU-RHONE"
"806",7,0,4,0,224,"14","CALVADOS",2018,"CALVADOS"
"807",9,0,5,0,309,"15","CANTAL",2018,"CANTAL"
"808",39986,436,16459,12282,5098505,"16","CHARENTE",2018,"CHARENTE"
"809",39784,809,57680,23591,4834859,"17","CHARENTE-MARITIME",2018,"CHARENTE-MARITIME"
"810",4285,26,531,972,274502,"18","CHER",2018,"CHER"
"811",74,6,9,200,2768,"19","CORREZE",2018,"CORREZE"
"812",9520,54,1321,1077,514039,"21","COTE-D'OR",2018,"COTE-D'OR"
"813",1,1,5,8,13,"23","CREUSE",2018,"CREUSE"
"814",11110,437,11522,14748,550186,"24","DORDOGNE",2018,"DORDOGNE"
"815",16,5,184,42,659,"25","DOUBS",2018,"DOUBS"
"816",15914,245,1691,4118,710477,"26","DROME",2018,"DROME"
"817",905,106,972,3376,36827,"2A","CORSE-DU-SUD",2018,"CORSE-DU-SUD"
"818",4979,213,9151,9443,337822,"2B","HAUTE-CORSE",2018,"HAUT-RHIN"
"819",52994,2657,36938,218005,3320289,"30","GARD",2018,"GARD"
"820",1324,49,214,2061,68633,"31","HAUTE-GARONNE",2018,"HAUTE-CORSE"
"821",18953,3904,552495,30316,1931310,"32","GERS",2018,"GERS"
"822",114615,1727,25578,89971,5533976,"33","GIRONDE",2018,"GIRONDE"
"823",80690,5154,97970,361842,5059527,"34","HERAULT",2018,"HERAULT"
"824",535,108,1916,5174,35493,"36","INDRE",2018,"INDRE"
"825",9687,601,19209,34738,580445,"37","INDRE-ET-LOIRE",2018,"INDRE-ET-LOIRE"
"826",285,44,1762,769,15959,"38","ISERE",2018,"ISERE"
"827",2051,63,1803,1462,131555,"39","JURA",2018,"JURA"
"828",1604,314,36164,1631,131363,"40","LANDES",2018,"LANDES"
"829",6527,953,31997,35686,422727,"41","LOIR-ET-CHER",2018,"LOIRET"
"830",948,87,1928,2588,45623,"42","LOIRE",2018,"LOIR-ET-CHER"
"831",2,2,9,23,31,"43","HAUTE-LOIRE",2018,"HAUTE-GARONNE"
"832",10815,1862,162627,76592,837495,"44","LOIRE-ATLANTIQUE",2018,"LOIRE"
"833",116,15,94,470,5153,"45","LOIRET",2018,"LOIRE-ATLANTIQUE"
"834",4847,294,739,17999,283593,"46","LOT",2018,"LOT"
"835",5924,616,35312,21304,375327,"47","LOT-ET-GARONNE",2018,"LOT-ET-GARONNE"
"836",10,1,11,3,264,"48","LOZERE",2018,"LOZERE"
"837",19459,1183,45207,65668,1271333,"49","MAINE-ET-LOIRE",2018,"MAINE-ET-LOIRE"
"838",23824,0,0,0,2469965,"51","MARNE",2018,"MARNE"
"839",90,13,792,119,8211,"52","HAUTE-MARNE",2018,"HAUTE-LOIRE"
"840",1,1,34,9,43,"53","MAYENNE",2018,"MAYENNE"
"841",109,31,874,1269,6501,"54","MEURTHE-ET-MOSELLE",2018,"MEURTHE-ET-MOSELLE"
"842",41,12,813,417,3054,"55","MEUSE",2018,"MEUSE"
"843",96,45,1751,346,4015,"57","MOSELLE",2018,"MOSELLE"
"844",1532,12,196,321,95992,"58","NIEVRE",2018,"NIEVRE"
"845",0,0,7,0,8,"62","PAS-DE-CALAIS",2018,"PAS-DE-CALAIS"
"846",405,55,363,1604,18726,"63","PUY-DE-DOME",2018,"PUY-DE-DOME"
"847",2499,79,735,1963,100882,"64","PYRENEES-ATLANTIQUES",2018,"PYRENEES-ATLANTIQUES"
"848",237,10,4,93,10165,"65","HAUTES-PYRENEES",2018,"HAUTE-VIENNE"
"849",21084,948,7787,18070,744234,"66","PYRENEES-ORIENTALES",2018,"PYRENEES-ORIENTALES"
"850",6719,14,1033,165,573858,"67","BAS-RHIN",2018,"BAS-RHIN"
"851",8994,16,1335,126,749397,"68","HAUT-RHIN",2018,"HAUTES-PYRENEES"
"852",16042,373,4659,24764,986163,"69","RHONE",2018,"RHONE"
"853",86,10,279,512,4805,"70","HAUTE-SAONE",2018,"HAUTE-SAONE"
"854",13015,82,3087,1385,873413,"71","SAONE-ET-LOIRE",2018,"SAONE-ET-LOIRE"
"855",189,34,524,799,8193,"72","SARTHE",2018,"SARTHE"
"856",1945,123,5948,2381,133420,"73","SAVOIE",2018,"SAVOIE"
"857",234,75,3409,2176,12448,"74","HAUTE-SAVOIE",2018,"HAUTE-SAVOIE"
"858",30,0,0,0,3084,"77","SEINE-ET-MARNE",2018,"SEINE-ET-MARNE"
"859",763,28,1210,847,52520,"79","DEUX-SEVRES",2018,"DEUX-SEVRES"
"860",6489,807,17830,45732,444830,"81","TARN",2018,"TARN"
"861",1480,176,558,9352,89702,"82","TARN-ET-GARONNE",2018,"TARN-ET-GARONNE"
"862",27835,333,1377,12010,1276429,"83","VAR",2018,"VAUCLUSE"
"863",45905,1124,8496,28171,1858920,"84","VAUCLUSE",2018,"VENDEE"
"864",924,102,3101,4483,57581,"85","VENDEE",2018,"VAR"
"865",1110,142,3069,3286,72428,"86","VIENNE",2018,"VIENNE"
"866",6,1,13,1,241,"87","HAUTE-VIENNE",2018,"HAUTES-ALPES"
"867",5,5,0,292,292,"88","VOSGES",2018,"VOSGES"
"868",7763,34,1015,1069,588524,"89","YONNE",2018,"YONNE"
"869",0,0,2,0,2,"95","VAL-D?OISE",2018,"VAL-DE-MARNE"
